腾讯会议,音视频通讯
腾讯会议,云会议
腾讯会议,云会议协作平台
腾讯会议,在线文档协作
腾讯会议,小程序入会
腾讯会议,会管会控
腾讯会议,屏幕共享
腾讯会议,提升会议效率
腾讯会议,办公
腾讯会议,跨企业开会
腾讯会议,一键转发
腾讯会议,预约会议
腾讯会议,发起会议
腾讯会议,加入会议
腾讯会议,远程演示
腾讯会议,管理会议
腾讯会议,高清画质
腾讯会议,视频美颜
腾讯会议,背景虚化
腾讯会议,消除环境声
腾讯会议,消除键盘声
腾讯会议,还原人声
腾讯会议,海量会议并发
腾讯会议,音视频抗丢包
腾讯会议,视频抗抖动
腾讯会议,安全
腾讯会议,降低沟通成本
钉钉,登录
钉钉,注册
钉钉,办公
钉钉,即时通讯
钉钉,单聊
钉钉,群聊
钉钉,消息已读未读
钉钉,查看聊天信息
钉钉,发送DING消息
钉钉,电话
钉钉,短信
钉钉,私密聊天
钉钉,打马赛克
钉钉,免费OA办公系统
钉钉,考勤
钉钉,审批
钉钉,公告
钉钉,自定义应用接入
钉钉,提供商务电话
钉钉,提供网络通讯
钉钉,热线电话
钉钉,语音导航
钉钉,来电数据智能分析
钉钉,多人电话会议
钉钉,多人视频会议
钉钉,办公电话
钉钉,在线上课
钉钉,在线教学
钉钉,连麦
钉钉,课堂互动
钉钉,视频课程
钉钉,家校本
钉钉,布置功课
钉钉,发布运动记录
钉钉,钉邮
钉钉,钉盘
钉钉,企业邮箱
钉钉,智能薪酬
钉钉,算薪
钉钉,智能工资条
钉钉,同步考勤请假数据
钉钉,导入电子表格
钉钉,电子工资条
钉钉,历史工资数据
钉钉,商务人脉管理
钉钉,数字化活名片
钉钉,互换名片
钉钉,智能分类
钉钉,找人
钉钉,多端消息同步
钉钉,接入HealthKit健康数据
钉钉,钉钉运动
钉钉,晒每日步数
钉钉,免费专家
钉钉,指导服务
钉钉,咨询客服
企业微信,企业通讯
企业微信,企业办公
企业微信,连接微信
企业微信,日程、会议、文档、盘等效率工具
企业微信,企业沟通
企业微信,OA应用
企业微信,多平台消息实时同步
企业微信,企业通讯录
企业微信,云端保存
企业微信,发消息
企业微信,查看已读未读状态
企业微信,沟通工作
企业微信,导入员工信息
企业微信,管理员工信息
企业微信,找同事
企业微信,添加客户的微信
企业微信,单聊
企业微信,群聊
企业微信,查看客户
企业微信,管理客户
企业微信,发表活动信息
企业微信,发表产品动态
企业微信,发表客户朋友圈
企业微信,与客户评论互动
企业微信,查看客户群聊
企业微信,管理客户群聊
企业微信,离职成员管理的群聊再分配
企业微信,企业支付
企业微信,收款
企业微信,付款
企业微信,发红包
企业微信,集成多款效率工具
企业微信,发起日程邀约
企业微信,管理工作安排
企业微信,发起在线会议
企业微信,参与在线会议
企业微信,演示文档
企业微信,演示屏幕内容
企业微信,微文档
企业微信,个人创作
企业微信,共同编辑文档表格
企业微信,设置文档内外部访问权限
企业微信,文档修改
企业微信,设置文档水印
企业微信,共享空间
企业微信,文档修改实时更新
企业微信,文档共享
企业微信,操作
企业微信,审计
企业微信,管理企业数据
企业微信,企业邮箱
企业微信,收工作邮件
企业微信,发工作邮件
企业微信,转发邮件
企业微信,打卡
企业微信,审批
企业微信,汇报
企业微信,公告
企业微信,同事吧
企业微信,API接口
企业微信,开发应用
企业微信,接入应用
企业微信,保障安全
企业微信,通讯录管理
企业微信,隐藏部门
企业微信,隐藏成员
企业微信,配置员工资料展示
企业微信,添加应用
企业微信,配置应用可见范围
企业微信,使用应用发消息
企业微信,自定义应用菜单
企业微信,自定义素材库
企业微信,配置权限管理
企业微信,配置自己企业微信
企业微信,聊天管理
企业微信,外部沟通管理
企业微信,工作台管理
小猪快传,传输图片
小猪快传,传输视频
小猪快传,设计稿、摄影作品、文件影印件、短视频、商品宣传图
小猪快传,使用其他应用
小猪快传,选择照片
小猪快传,分享页面
小猪快传,接收页面
小猪快传,收照片
小猪快传,保存发送图片
小猪快传,保护隐私
小猪快传,上传服务器
扫描王,扫描成文档
扫描王,扫描文档
扫描王,将文档转化为PDF
扫描王,保存文档
扫描王,发送文档
扫描王,打印文档
扫描王,保存到云
扫描王,扫描文件
扫描王,扫描照片
扫描王,扫描收据
扫描王,扫描任何东西
扫描王,批处理模式
扫描王,结合多个扫描
扫描王,去除阴影
扫描王,调整亮度
扫描王,旋转和颜色
扫描王,点击一个页面
扫描王,移动扫描仪
扫描王,管理文档
扫描王,批量快速扫描
扫描王,连续扫描
扫描王,自动切边
扫描王,剪切图像
扫描王,图像增强
扫描王,文本识别
扫描王,提取文本
扫描王,编辑提取出的文本
扫描王,共享提取出的文本
扫描王,定义PDF尺寸
扫描王,自适应模式
扫描王,保存图像
扫描王,图像库
扫描王,电子邮件
扫描王,发送文件
扫描王,发送图像
扫描王,添加标题
扫描王,搜索
扫描王,自定义类别
扫描王,设置类别
扫描王,浏览模式
扫描王,列表分类
扫描王,文档分类
扫描王,文件拷贝
扫描王,文件管理
扫描王,搜索文档页眉
扫描王,查找文档
扫描王,订阅
扫描王,最佳检测结果
