驾考宝典,互联网驾照考试
驾考宝典,学车
驾考宝典,驾考题库
驾考宝典,在线培训
驾考宝典,领驾照
驾考宝典,会员服务
驾考宝典,选驾校
驾考宝典,学车报名
驾考宝典,理论模拟考试
驾考宝典,科目一
驾考宝典,科目二
驾考宝典,科目三
驾考宝典,科目四
驾考宝典,新手拿本
驾考宝典,选车上路
驾考宝典,知识点
驾考宝典,交通标志
驾考宝典,交警手势
驾考宝典,考试技巧
驾考宝典,难点
驾考宝典,科一专项突破
驾考宝典,科四专项突破
腾讯课堂,直播
腾讯课堂,专业网课课程
腾讯课堂,精品公开课
腾讯课堂,学习福利
腾讯课堂,新手礼包
腾讯课堂,限时秒杀
腾讯课堂,热门推荐
腾讯课堂,资源
腾讯课堂,留学考试
腾讯课堂,IT互联网
腾讯课堂,公考求职
腾讯课堂,考研课程
腾讯课堂,设计课程
腾讯课堂,插画动漫
作业帮,在线学习
List背单词,背单词
List背单词,词库
List背单词,学习计划表
List背单词,自定义词库
List背单词,文件导入
List背单词,生词本
List背单词,熟词表
List背单词,重难词
List背单词,移除熟词
List背单词,切换双语模式
List背单词,自测自查
List背单词,切换单语模式
List背单词,iPad分屏
List背单词,词典查询
List背单词,英式发音
List背单词,美式发音
List背单词,音标
List背单词,同步
List背单词,重复播放
List背单词,间隔播放
List背单词,听写
List背单词,英汉双语音频播放
List背单词,音频混合
List背单词,PDF导出
List背单词,制作学习计划表
List背单词,高频词汇
List背单词,核心词汇
List背单词,全部词汇
List背单词,调整List总数
List背单词,乱序
List背单词,正序
List背单词,生词本导入
List背单词,显示设置
List背单词,滑动单词行
List背单词,点击单词行
List背单词,发音
List背单词,设置单词行
List背单词,音标显示设置
List背单词,隐藏音标
List背单词,收藏单词
List背单词,手动修改单词
List背单词,添加新单词
List背单词,排序
List背单词,修改中文释义
List背单词,删除单词
List背单词,白天模式
List背单词,夜间模式
List背单词,纯黑模式
List背单词,纸张模式
List背单词,复制单词
List背单词,调整播放单词重复次数
List背单词,调整单词间隔时间
List背单词,设置是否自动播放下一个
List背单词,内容显示设置
List背单词,支持后台播放音频
List背单词,支持播放中文释义
List背单词,随机播放
List背单词,快速定位
List背单词,清空当前list
List背单词,打卡
List背单词,下载词典
List背单词,调整
新概念英语全四册,英语教材
新概念英语全四册,人工智能语音评测
新概念英语全四册,打分
新概念英语全四册,语速调节
新概念英语全四册,区间复读
新概念英语全四册,语音评价
新概念英语全四册,学习统计
新概念英语全四册,录音跟读
新概念英语全四册,内置词典
新概念英语全四册,云生词本
新概念英语全四册,中英双语
新概念英语全四册,后台播放
新概念英语全四册,多种循环
新概念英语全四册,内容搜索
新概念英语全四册,支持线控
新概念英语全四册,海量内容
新概念英语全四册,录音
新概念英语全四册,字幕同步
新概念英语全四册,中英切换
新概念英语全四册,上下句切换
新概念英语全四册,每日精选
新概念英语全四册,记录用户学习情况
新概念英语全四册,分析用户学习情况
新概念英语全四册,用户互动
新概念英语全四册,发消息
新概念英语全四册,回复评论
新概念英语全四册,微博分享
新概念英语全四册,微信分享
新概念英语全四册,屏幕取词
新概念英语全四册,释义
新概念英语全四册,例句
新概念英语全四册,发音
新概念英语全四册,生词本
新概念英语全四册,注册
新概念英语全四册,云端同步
新概念英语全四册,单句收藏
新概念英语全四册,复制
新概念英语全四册,下载
新概念英语全四册,定时播放
新概念英语全四册,循环播放
新概念英语全四册,后台录音
新概念英语全四册,搜索
新概念英语全四册,学习统计数据
新概念英语全四册,口语评测
