腾讯视频,投屏
腾讯视频,注册
腾讯视频,视频播放
腾讯视频,分享视频
腾讯视频,各类资源
腾讯视频,在线观看
腾讯视频,离线缓存
腾讯视频,频道推荐
腾讯视频,观看历史
腾讯视频,加入看单
腾讯视频,搜索
腾讯视频,会员订阅
腾讯视频,登录
腾讯视频,下载
腾讯视频,客服
腾讯视频,个性化推荐
哔哩哔哩,新番
哔哩哔哩,国产动画
哔哩哔哩,文化娱乐社区
哔哩哔哩,原创内容
哔哩哔哩,二创内容
哔哩哔哩,海量精彩内容
哔哩哔哩,弹幕评论
哔哩哔哩,评论
哔哩哔哩,专栏文章
哔哩哔哩,原创投稿
爱奇艺,会员订阅
爱奇艺,推荐
爱奇艺,各类资源
爱奇艺,电视剧
爱奇艺,电影
爱奇艺,综艺
爱奇艺,特权
隐形守护者,下载内容
隐形守护者,游戏选择
隐形守护者,获取情报
隐形守护者,分支剧情
隐形守护者,电影电视
隐形守护者,充值金币
皮皮虾专业版,反馈
皮皮虾专业版,提升阅读体验
皮皮虾专业版,爆笑社区
皮皮虾专业版,传递快乐
皮皮虾专业版,新鲜视频
皮皮虾专业版,爆笑神评
皮皮虾专业版,话题标签
皮皮虾专业版,精美礼物
