支付宝,登录
支付宝,注册
支付宝,支付
支付宝,理财
支付宝,生活服务
支付宝,转账
支付宝,收款
支付宝,信用卡还款
支付宝,充话费
支付宝,缴水电煤
支付宝,搜索
支付宝,客服
支付宝,隐私安全
支付宝,社交
支付宝,界面布局
58同城,会员订阅
58同城,生活信息
58同城,房屋租赁
58同城,二手买卖
58同城,招聘求职
58同城,买卖二手车
58同城,汽车租售
58同城,宠物票务
58同城,餐饮娱乐
58同城,个人信息
58同城,商家信息
58同城,本地生活服务大全
58同城,高速浏览
58同城,一键拨号
58同城,一键查询
58同城,电话
58同城,短信
58同城,附近信息
58同城,身边生活信息
58同城,地图模式
58同城,记录足迹
58同城,记录访问类别
58同城,智能推荐信息
58同城,生活助手
58同城,代驾
58同城,优惠
58同城,评估二手车
58同城,快递查询
58同城,房贷计算器
美团,买药
美团,买菜
美团,送餐
美团,餐厅订座
美团,排队
美团,外卖订餐
美团,水果宵夜
美团,酒店旅游周边推荐
美团,火车票云抢票
美团,自动占座
美团,送票上门
美团,低价优质出行
美团,机票预定
美团,船票预定
美团,门票预定
美团,影讯
美团,影院会员卡商家券
美团,在线选座
美团,团购订座
美团,大片预告
美团,美食
美团,电影
美团,团购
美团,酒店
美团,旅游信息
美团,汇聚综合信息
美团,超市百货
美团,按摩足疗
美团,KTV
美团,密室逃脱
美团,桌游电玩
美团,朋友轰趴
美团,跟团游
美团,洗车
美团,养车
美团,用户消费评价
美团,商家评分查询
美团,商家信息查询
美团,退款
美团,客服
给未来写封信,写封信
给未来写封信,电子信件
给未来写封信,微信信件
给未来写封信,收取信件
给未来写封信,纸质信件
给未来写封信,火漆印章
给未来写封信,慢递保管箱
给未来写封信,添加录音
给未来写封信,添加照片
给未来写封信,微信提醒
给未来写封信,有声信箱
给未来写封信,查看已收到信件
给未来写封信,寄收时间
给未来写封信,待发送信件数量
Stylebook,打造衣柜
Stylebook,导入实际衣服
Stylebook,打造着装
Stylebook,创建行李清单
Stylebook,统计数据
Stylebook,衣柜组织
Stylebook,时尚衣柜
Stylebook,衣柜管理
Stylebook,添加衣服
Stylebook,添加图片
Stylebook,剪切衣服
Stylebook,拼图
Stylebook,分层
Stylebook,调整衣服照片尺寸
Stylebook,创建着装
Stylebook,OUTFIT SHUFFLE
Stylebook,云备份
Stylebook,添加整套着装
Stylebook,提前打包行李
Stylebook,检查清单
Stylebook,信息图表
Stylebook,风格统计
Stylebook,了解穿衣和着装
Stylebook,添加配饰
Stylebook,日历
Stylebook,提前计划
Stylebook,定义类别
Stylebook,添加衣柜
Stylebook,浏览衣柜
Stylebook,编辑衣柜
Stylebook,删除衣柜
Stylebook,添加搭配
Stylebook,编辑搭配
Stylebook,删除搭配
Stylebook,添加灵感库
Stylebook,编辑灵感库
Stylebook,删除灵感库
Stylebook,购物
Stylebook,试穿
Stylebook,保存灵感照片
Stylebook,风格专家
Stylebook,搜索
Stylebook,分享
