网易云音乐,登录
网易云音乐,注册
网易云音乐,千万曲库
网易云音乐,个性推荐
网易云音乐,听歌
网易云音乐,歌单
网易云音乐,评论
网易云音乐,云村社区
网易云音乐,主播电台
网易云音乐,专业解读
网易云音乐,客服
网易云音乐,歌曲识别
网易云音乐,会员订阅
网易云音乐,下载
网易云音乐,私信
网易云音乐,分享
网易云音乐,搜索歌曲
酷狗音乐,人性化操作界面
酷狗音乐,歌单
酷狗音乐,找音乐
酷狗音乐,乐库
酷狗音乐,蝰蛇音效
酷狗音乐,酷狗收音机
酷狗音乐,海量伴奏
酷狗音乐,多种音效
酷狗音乐,互动社区
酷狗音乐,定位附近好声音
酷狗音乐,演艺直播
酷狗音乐,个性化换肤
酷狗音乐,主题
酷狗音乐,青少年模式
酷狗音乐,K房
酷狗音乐,短视频
酷狗音乐,听书
酷狗音乐,会员订阅
QQ音乐,登录
QQ音乐,千万正版音乐
QQ音乐,热歌新歌
QQ音乐,无损音乐曲库
QQ音乐,听歌识曲
QQ音乐,哼唱识别
QQ音乐,翻译歌词
QQ音乐,个性化推荐
QQ音乐,搜索
QQ音乐,视频播放
QQ音乐,视频下载
QQ音乐,个性电台
QQ音乐,乐评
QQ音乐,音乐故事
QQ音乐,扫一扫
QQ音乐,扫图识专辑
QQ音乐,音效
QQ音乐,智能识别场景音效
QQ音乐,歌词海报
QQ音乐,记录听歌回忆
QQ音乐,跑步电台
QQ音乐,歌曲匹配步频
QQ音乐,好友PK助跑
QQ音乐,直播
QQ音乐,歌手写真
QQ音乐,车载互联
QQ音乐,歌词同步显示
QQ音乐,绿钻订阅
Guitar Pro,查看演奏乐谱
Guitar Pro,查看指法
Guitar Pro,练习歌曲
Guitar Pro,分享
Guitar Pro,支持多种文件格式
Guitar Pro,六线谱
Guitar Pro,观看模式
Guitar Pro,加载文件
Guitar Pro,搜索
Guitar Pro,曲库集过滤
Guitar Pro,音效板多声道演奏
Guitar Pro,节拍器
Guitar Pro,视觉倒计时器
Guitar Pro,3级缩放
Guitar Pro,吉他或贝斯指板
Guitar Pro,虚拟键盘
Guitar Pro,即时节拍变化
Guitar Pro,通过半音整体置换
Guitar Pro,简化乐段之间导航
Guitar Pro,演奏循环音乐的任意乐段
Guitar Pro,电子邮件发送文件
Guitar Pro,导出PDF格式文件
Guitar Pro,自定义调音和节拍
Guitar Pro,创建谱法
Guitar Pro,音效
音乐词典,音乐知识
音乐词典,音乐术语
音乐词典,音乐词典
音乐词典,音乐表情术语
音乐词典,搜索
音乐词典,真人发音
音乐词典,相关词汇
音乐词典,词汇缩写
音乐词典,收藏常用词汇
音乐词典,答题系统
