高德地图,地图
高德地图,导航
高德地图,位置服务
高德地图,地点信息
高德地图,语音导航
高德地图,智能路线规划
高德地图,搜索
高德地图,公交规划
高德地图,步行规划
高德地图,公交导航
高德地图,驾车路线
高德地图,路况
高德地图,到站提醒
高德地图,换乘提醒
高德地图,精准地图数据
高德地图,定位
高德地图,离线地图
高德地图,离线导航数据包
高德地图,附近资讯
高德地图,附近优惠
高德地图,买单付款
百度地图,路线规划
百度地图,智能导航
百度地图,地点查询
百度地图,智能旅游
百度地图,语音
百度地图,AR实景导航模式
百度地图,出行服务
百度地图,全端唤醒
百度地图,查路线
百度地图,搜地点
百度地图,问天气
百度地图,定制语音包
百度地图,打车
百度地图,智能规划
百度地图,未来通行时间
百度地图,到达时间
百度地图,组合出行方案
百度地图,定位
百度地图,多种路线
百度地图,公交导航到站提醒
百度地图,智能推荐
百度地图,一键发现身边吃喝玩乐好去处
百度地图,周边
百度地图,游玩路线
百度地图,AI导游
百度地图,AR导览实景
全国违章查询,违章查询
全国违章查询,违章预警
全国违章查询,油价提醒
全国违章查询,联合用户出行记录
全国违章查询,异地查询
全国违章查询,违章信息
全国违章查询,事发地点
全国违章查询,汽车资讯
全国违章查询,推送
全国违章查询,提醒天气指数
全国违章查询,提示车主是否适宜洗车
全国违章查询,提示空气质量
全国违章查询,提示是否合适出行
全国违章查询,社区论坛
电子狗地图,导航
电子狗地图,定位
电子狗地图,实时探测限速拍照
电子狗地图,违章拍照
电子狗地图,闯红灯拍照
电子狗地图,定位速度测量工具
电子狗地图,实时更新电子眼数据
电子狗地图,语音播报
电子狗地图,实时提醒闯红灯、限速、违章拍照
电子狗地图,实时交通路况信息
电子狗地图,查看全国路况
电子狗地图,切换日夜显示模式
电子狗地图,行驶速度、指南针、行车方向
在谷歌地图中使用专业版地图,导航
在谷歌地图中使用专业版地图,优惠
在谷歌地图中使用专业版地图,地图
在谷歌地图中使用专业版地图,搜索书签
在谷歌地图中使用专业版地图,添加照片
在谷歌地图中使用专业版地图,添加标签
在谷歌地图中使用专业版地图,添加评论
在谷歌地图中使用专业版地图,添加电话号码
在谷歌地图中使用专业版地图,翻译
在谷歌地图中使用专业版地图,设置提醒
在谷歌地图中使用专业版地图,到达场所附近通知
在谷歌地图中使用专业版地图,获取路线
在谷歌地图中使用专业版地图,看完整交通信息
在谷歌地图中使用专业版地图,自定义彩色图示
在谷歌地图中使用专业版地图,自定义箭头
在谷歌地图中使用专业版地图,自定义贴纸
在谷歌地图中使用专业版地图,笔记
在谷歌地图中使用专业版地图,分享
在谷歌地图中使用专业版地图,3D地图
在谷歌地图中使用专业版地图,室内地图
在谷歌地图中使用专业版地图,全屏街景
在谷歌地图中使用专业版地图,智能分类
在谷歌地图中使用专业版地图,发送地图副本给好友
在谷歌地图中使用专业版地图,共享地图
在谷歌地图中使用专业版地图,备注
在谷歌地图中使用专业版地图,在地图上撰写消息
在谷歌地图中使用专业版地图,查找场所
在谷歌地图中使用专业版地图,场所信息
在谷歌地图中使用专业版地图,周边场所
在谷歌地图中使用专业版地图,输入终点
