UC浏览器,头条视频小说漫画订阅
UC浏览器,看小说
UC浏览器,看视频
UC浏览器,看新闻
UC浏览器,看漫画
UC浏览器,头条资讯
UC浏览器,世界杯资讯
UC浏览器,赛事集锦
UC浏览器,热点新闻
UC浏览器,海量视频
UC浏览器,新鲜热点
UC浏览器,短视频
UC浏览器,海量小说
UC浏览器,全网免流
UC浏览器,智能识狗
UC浏览器,智能搜索
UC浏览器,订阅精品
UC浏览器,话题广场
UC浏览器,无痕浏览
UC浏览器,保护隐私
UC浏览器,夜间模式
UC浏览器,壁纸皮肤
UC浏览器,会员
腾讯新闻,新闻
腾讯新闻,资讯
腾讯新闻,视频
腾讯新闻,直播
腾讯新闻,新闻推送
腾讯新闻,独家栏目
腾讯新闻,赛事直播
腾讯新闻,聊天
腾讯新闻,话题评论互动
腾讯新闻,关注有趣的人
腾讯新闻,个性化推荐
腾讯新闻,媒体订阅
今日头条,资讯
今日头条,推荐信息
今日头条,发布自己的微头条
今日头条,明星大V
今日头条,参与热点讨论
今日头条,无广告
今日头条,记录生活
今日头条,短视频
今日头条,原创小视频
今日头条,小说
今日头条,漫画
今日头条,一键收藏
今日头条,丰富频道
今日头条,漫迷社区
今日头条,体育新闻
今日头条,赛事点评
今日头条,火爆问答区
今日头条,热点话题
今日头条,收藏
今日头条,关注一手动态
今日头条,娱乐游戏生活
今日头条,搜索
今日头条,直播
今日头条,美妆教学
今日头条,反馈
今日头条(专业版),搜索
今日头条(专业版),推荐
今日头条(专业版),定制专属资讯
今日头条(专业版),更新消息动态
今日头条(专业版),收藏
今日头条(专业版),转发
今日头条(专业版),明星上头条
今日头条(专业版),热点及时搜
今日头条(专业版),海量内容源
今日头条(专业版),关注
今日头条(专业版),评论
今日头条(专业版),点赞
今日头条(专业版),新闻
今日头条(专业版),资讯
今日头条(专业版),高清视频
今日头条(专业版),精彩问答
今日头条(专业版),话题
今日头条(专业版),分享见解
今日头条(专业版),参与讨论
今日头条(专业版),反馈
金十数据(专业版),财经新闻软件和交易工具
金十数据(专业版),行情报价
金十数据(专业版),交易
金十数据(专业版),订阅
金十数据(专业版),推送
金十数据(专业版),市场参考
金十数据(专业版),财经视频节目
金十数据(专业版),数据中心
金十数据(专业版),关注
金十数据(专业版),财经
金十数据(专业版),订阅报告
金十数据(专业版),资讯
金十数据(专业版),新闻
金十数据(专业版),视频栏目
