微信,群聊
微信,视频聊天
微信,玩游戏
微信,分享
微信,发送视频
微信,发送图片
微信,发送文本消息
微信,发送语音
微信,语音聊天
微信,海量动态表情
微信,朋友圈
微信,附近的人
微信,摇一摇
微信,实时位置共享
微信,多语言支持
微信,消息翻译
微信,登录
微信,记录生活点滴
微信,雷达加好友
微信,支持跨平台
微信,消息提醒自定义
微信,公众号服务
QQ,多人视频
QQ,沟通
QQ,文件多端互传
QQ,聊天
QQ,收发好友和群消息
QQ,语音通话
QQ,好友动态
QQ,空间动态
QQ,分享
QQ,厘米秀
QQ,换装扮
QQ,炫动作
QQ,偷胶囊
QQ,个性装扮
小红书,明星潮人
小红书,社区大数据
小红书,潮鞋穿搭秘笈
小红书,小众旅行地
小红书,美食食谱
小红书,好剧安利
小红书,视频Vlog
小红书,相机
小红书,记录分享
小红书,标签贴纸
小红书,海量标签
小红书,标记生活
小红书,热门商品
小红书,全球好物
小红书,国内外品牌
一言,专题推荐
一言,记录字句
一言,文字记录和排版
一言,写诗
一言,创作长文
一言,记录生活
一言,字句收藏本
一言,创作本
一言,日记本
一言,闲时读物
一言,排版工具
一言,读每日推荐
一言,收藏字句
一言,会员订阅
一言,付款
邻家漂流瓶,捞瓶子
邻家漂流瓶,性别选择
邻家漂流瓶,聊天
邻家漂流瓶,扔瓶子
邻家漂流瓶,漂流瓶会话
邻家漂流瓶,展示会话瓶子
邻家漂流瓶,基本信息
邻家漂流瓶,搞笑段子
邻家漂流瓶,关注
