夸克,智能搜索
夸克,电子书全文检索
夸克,智能预测分析
夸克,提供权威知识
夸克,搜索结果
夸克,夸克宝宝
夸克,AI朋友
夸克,精准答案
夸克,结果展现样式
夸克,交互创新
夸克,信息服务
夸克,知识问答
夸克,趣味对话
夸克,识图辨物
夸克,拍照翻译
夸克,扫描提取文字
夸克,扫描图片
夸克,存入笔记
夸克,屏蔽广告
夸克,支持手动标记屏蔽广告
夸克,隐私保护
夸克,无痕浏览
夸克,阅读模式
夸克,智能拼页
百度,短视频
百度,视频频道
百度,海量明星娱乐
百度,搞笑段子
百度,经典剧集视频
百度,拍小视频
百度,记录身边新鲜事
百度,搜索
百度,搜索全网
百度,搜文字
百度,搜图片
百度,识别
百度,热门资讯
百度,热门评论
百度,语音识别
百度,语音播报资讯
百度,正版小说
百度,书架列表
百度,阅读进度
百度,多台设备云同步
百度,收藏
百度,登录
QQ浏览器,提供信息流内容
QQ浏览器,微信精选
QQ浏览器,精准资讯阅读
QQ浏览器,精选栏目
QQ浏览器,推荐
QQ浏览器,文件管理
QQ浏览器,清理截屏
QQ浏览器,清理无用图片
QQ浏览器,支持压缩包
QQ浏览器,音乐相册
QQ浏览器,照片故事
QQ浏览器,免费小说
QQ浏览器,网页畅读
QQ浏览器,多种人声切换
QQ浏览器,口罩信息查询
QQ浏览器,新型肺炎疫情信息
QQ浏览器,同乘查询
QQ浏览器,小区查询
QQ浏览器,疫情日报
QQ浏览器,疫情热点
QQ浏览器,腾讯看点
QQ浏览器,搜索
QQ浏览器,搜索内容直达
QQ浏览器,正版小说
QQ浏览器,识你所见
QQ浏览器,文件助手
QQ浏览器,朗读
QQ浏览器,热点资讯
QQ浏览器,海量资源
QQ浏览器,热门视频
QQ浏览器,话题畅聊
QQ浏览器,寻找圈友
QQ浏览器,寻找扩列
QQ浏览器,赛事直播
QQ浏览器,播放图集
QQ浏览器,音乐特效
QQ浏览器,趣图
QQ浏览器,大王卡专区
时间规划局,提醒事项
时间规划局,时间管理
时间规划局,分类管理
时间规划局,自定义小组件背景
时间规划局,自定义小组件颜色
时间规划局,支持更改百分比形式
时间规划局,CPU面板
时间规划局,整点报时
时间规划局,年龄计算器
时间规划局,全屏时钟
时间规划局,日期计算器
时间规划局,二维码生成
时间规划局,制定项目计划
时间规划局,设置会议提醒
时间规划局,安排行程规划
时间规划局,记录备忘事件
时间规划局,管理时间
时间规划局,推送通知
时间规划局,提醒
时间规划局,动态壁纸
时间规划局,支持农历
时间规划局,小工具
时间规划局,数据备份
时间规划局,事件排序
时间规划局,设置背景
时间规划局,炫酷动画
时间规划局,通知铃声
WiFi万能钥匙专业版,连接无线网络
WiFi万能钥匙专业版,上网
WiFi万能钥匙专业版,海量安全热点
WiFi万能钥匙专业版,识别风险WiFi
WiFi万能钥匙专业版,推荐每日资讯
WiFi万能钥匙专业版,在线服务
WiFi万能钥匙专业版,安全保障
