哈啰出行,单车
哈啰出行,助力车
哈啰出行,电动车
哈啰出行,打车
哈啰出行,一键呼叫
哈啰出行,出租车
哈啰出行,专车
哈啰出行,多种车型
哈啰出行,顺风车
哈啰出行,出行平台
哈啰出行,免押金
哈啰出行,扫码用车
哈啰出行,拼座
哈啰出行,乘客与车主iM功能
哈啰出行,投诉
滴滴出行,打车
滴滴出行,一键叫车
滴滴出行,滴滴专车
滴滴出行,匹配
滴滴出行,滴滴快车
滴滴出行,出行服务
滴滴出行,滴滴单车
滴滴出行,滴滴出租车
滴滴出行,租车
滴滴出行,多种场景
滴滴出行,多种租期
滴滴出行,选择车型
滴滴出行,一键预约
滴滴出行,还车
滴滴出行,支付
滴滴出行,订单修改
滴滴出行,滴滴公交
滴滴出行,多样化出行方案
滴滴出行,公交信息实时查询
滴滴出行,公交出行路线定制
滴滴出行,滴滴代驾
滴滴出行,滴滴豪华车
滴滴出行,个性化场景
滴滴出行,滴滴小巴
滴滴出行,短途接驳
滴滴出行,智能计价
滴滴出行,路径规划
滴滴出行,简化财务流程
滴滴出行,滴滴外卖
滴滴出行,美食
滴滴出行,匹配周边优选骑手
滴滴出行,智能规划
滴滴出行,送餐
滴滴出行,下单
滴滴出行,享优惠
滴滴出行,单车免押金
滴滴出行,司机护航系统
滴滴出行,GPS定位
滴滴出行,共享位置
滴滴出行,在线客服
滴滴出行,个人中心
携程旅行,旅行服务
携程旅行,酒店
携程旅行,预订
携程旅行,飞机/火车/汽车票
携程旅行,提供用车服务
携程旅行,景点门票
携程旅行,主题高铁游
携程旅行,旅游攻略
携程旅行,旅游购物指南
携程旅行,旅行WiFi
携程旅行,机票产品
携程旅行,浏览旅行日程
携程旅行,登机提醒
携程旅行,航班动态
携程旅行,查看值机柜台
携程旅行,查看登机口号
携程旅行,查看行李转盘
携程旅行,查询预订酒店地址
携程旅行,旅行保险
携程旅行,旅行特惠
携程旅行,附近玩乐
携程旅行,跟团游
携程旅行,周末游
携程旅行,自由行
携程旅行,自驾游
携程旅行,邮轮游
携程旅行,直播
携程旅行,会议服务
携程旅行,团购服务
携程旅行,收藏酒店
携程旅行,自动值机
携程旅行,预约选座
携程旅行,退票
携程旅行,改签
携程旅行,交通信息
携程旅行,服务信息
携程旅行,接送机服务
携程旅行,抢票
携程旅行,补票
携程旅行,私人定制
携程旅行,火车票查询
携程旅行,取票
携程旅行,返现
携程旅行,特殊票种
携程旅行,推荐
携程旅行,旅游局
携程旅行,旅行家入驻
携程旅行,热门话题
携程旅行,名人话题
携程旅行,记录旅行故事
携程旅行,航意险
携程旅行,交通接驳
携程旅行,当地美食
携程旅行,旅行套餐
携程旅行,签证
携程旅行,主题游
携程旅行,顶级旅游
携程旅行,找线路
携程旅行,点评
携程旅行,达人经验
携程旅行,攻略
携程旅行,攻略写真馆
携程旅行,攻略会员体系
携程旅行,特权福利
携程旅行,旅行活动
携程旅行,代驾
携程旅行,打车
携程旅行,包车
携程旅行,导航
携程旅行,餐厅
携程旅行,分期优选
携程旅行,热门目的地
携程旅行,支付
携程旅行,专属商品
携程旅行,礼品卡
携程旅行,语音查询
携程旅行,搜索
携程旅行,携程精选榜
携程旅行,专业排名
携程旅行,购物车
携程旅行,添加产品
携程旅行,低价助手
携程旅行,出行聊天群
携程旅行,向导
携程旅行,支援服务
携程旅行,代订
携程旅行,代包车
携程旅行,代演出票
携程旅行,严选司机
携程旅行,当地聚会
携程旅行,真人助理
携程旅行,精选车型
携程旅行,订单详情
携程旅行,聊天
携程旅行,实时位置
携程旅行,行程
携程旅行,出境WiFi
携程旅行,行李寄送
携程旅行,定位
携程旅行,刷卡奖励频道
携程旅行,优惠
携程旅行,海外服务
携程旅行,退税
飞常准Pro,预估航班起飞时间
飞常准Pro,提供延误分析
飞常准Pro,定位
飞常准Pro,提供附近服务
艺龙旅行Pro,酒店
艺龙旅行Pro,优惠
艺龙旅行Pro,赔付
艺龙旅行Pro,返现
艺龙旅行Pro,酒店预定实时确认
艺龙旅行Pro,360度酒店全景展示
艺龙旅行Pro,搜索
艺龙旅行Pro,了解酒店情况
艺龙旅行Pro,目的地攻略
艺龙旅行Pro,用户点评
艺龙旅行Pro,旅行服务
艺龙旅行Pro,旅行产品
艺龙旅行Pro,机票
艺龙旅行Pro,火车票
艺龙旅行Pro,景点门票
艺龙旅行Pro,公寓
艺龙旅行Pro,周边特价
艺龙旅行Pro,今日特价
艺龙旅行Pro,分享
艺龙旅行Pro,红包
艺龙旅行Pro,缤纷活动
艺龙旅行Pro,客服
艺龙旅行Pro,信息查询
艺龙旅行Pro,预订
艺龙旅行Pro,出票
艺龙旅行Pro,退票
艺龙旅行Pro,取票
艺龙旅行Pro,支付
艺龙旅行Pro,旅游指南
艺龙旅行Pro,地图导航
艺龙旅行Pro,周边酒店交通信息
艺龙旅行Pro,主题游
